{
    "generations": 3437,
    "population": [
        {
            "min_fighter_dist": 0.0845022102766035,
            "max_fighter_dist": 31.934602703793793,
            "wanted_target_dist": 0.03350599825105385,
            "min_fire_error": 0.03537412376628887,
            "encounter_time_max": 0.050664061148328714,
            "encounter_dist_max": 0.2355782367234502,
            "positionning_K": 3.1448995789632495,
            "searching_K": 0.07707373808383039,
            "wall_K": 0.03895825960270101,
            "min_thrust": 0.021785014066812988,
            "angle_Kp": 1.9943449079707651,
            "angle_Ki": 0,
            "angle_Kd": 0,
            "vel_Kp": 0.8322846236701933,
            "vel_Ki": 0,
            "vel_Kd": 0,
            "fitness": null
        },
        {
            "min_fighter_dist": 0.07275717727110691,
            "max_fighter_dist": 31.934602703793793,
            "wanted_target_dist": 0.03704554512138462,
            "min_fire_error": 0.03792230176423315,
            "encounter_time_max": 0.04425207744321013,
            "encounter_dist_max": 0.2691797884137929,
            "positionning_K": 3.1448995789632495,
            "searching_K": 0.07489397993181783,
            "wall_K": 0.04366481157519589,
            "min_thrust": 0.018553778667039174,
            "angle_Kp": 1.9943449079707651,
            "angle_Ki": 0,
            "angle_Kd": 0,
            "vel_Kp": 0.8322846236701933,
            "vel_Ki": 0,
            "vel_Kd": 0,
            "fitness": null
        },
        {
            "min_fighter_dist": 0.0845022102766035,
            "max_fighter_dist": 31.934602703793793,
            "wanted_target_dist": 0.03350599825105385,
            "min_fire_error": 0.03537412376628887,
            "encounter_time_max": 0.04425207744321013,
            "encounter_dist_max": 0.27083549646999705,
            "positionning_K": 3.1448995789632495,
            "searching_K": 0.08908527790374257,
            "wall_K": 0.03895825960270101,
            "min_thrust": 0.020249661223339283,
            "angle_Kp": 1.9943449079707651,
            "angle_Ki": 0,
            "angle_Kd": 0,
            "vel_Kp": 0.8322846236701933,
            "vel_Ki": 0,
            "vel_Kd": 0,
            "fitness": null
        },
        {
            "min_fighter_dist": 0.0928746837406011,
            "max_fighter_dist": 35.69308028992556,
            "wanted_target_dist": 0.03127838021134648,
            "min_fire_error": 0.04098454857855531,
            "encounter_time_max": 0.04276090676071064,
            "encounter_dist_max": 0.24501003795332432,
            "positionning_K": 3.1938764695008404,
            "searching_K": 0.08773359897746756,
            "wall_K": 0.0334260524399758,
            "min_thrust": 0.018164658744054773,
            "angle_Kp": 1.70615798412074,
            "angle_Ki": 0,
            "angle_Kd": 0,
            "vel_Kp": 0.9726599859054758,
            "vel_Ki": 0,
            "vel_Kd": 0,
            "fitness": null
        }
    ]
}