{"generations":2447,"population":[{"min_fighter_dist":2.1824902540233624,"max_fighter_dist":356.66401189550027,"wanted_target_dist":2.5814266227713736,"min_fire_error":0.9154286277412629,"encounter_time_max":0.31505618969021887,"encounter_dist_max":1.5083370466065111,"positionning_K":16.645982133866376,"searching_K":1.1877704778775533,"wall_K":1.6184289601971837,"min_thrust":0.12592245542863126,"angle_Kp":0.31551139125946426,"angle_Ki":0,"angle_Kd":0,"vel_Kp":0.6924492080231458,"vel_Ki":0,"vel_Kd":0},{"min_fighter_dist":2.4172990618072125,"max_fighter_dist":368.9374897903416,"wanted_target_dist":2.4690543672102754,"min_fire_error":1.0715607187309164,"encounter_time_max":0.3344912931808555,"encounter_dist_max":1.3995188878995304,"positionning_K":15.487857633284323,"searching_K":1.2624166654307012,"wall_K":1.7299450997622303,"min_thrust":0.12899888551408314,"angle_Kp":0.31551139125946426,"angle_Ki":0,"angle_Kd":0,"vel_Kp":0.6849486630468655,"vel_Ki":0,"vel_Kd":0},{"min_fighter_dist":2.3172774676198546,"max_fighter_dist":413.7792199793059,"wanted_target_dist":2.4011494110672453,"min_fire_error":1.0715607187309164,"encounter_time_max":0.31505618969021887,"encounter_dist_max":1.5083370466065111,"positionning_K":16.645982133866376,"searching_K":1.2577886579758217,"wall_K":1.463361013597598,"min_thrust":0.12592245542863126,"angle_Kp":0.31551139125946426,"angle_Ki":0,"angle_Kd":0,"vel_Kp":0.5953419768927304,"vel_Ki":0,"vel_Kd":0},{"min_fighter_dist":2.4172990618072125,"max_fighter_dist":374.5300663389098,"wanted_target_dist":2.658055690758734,"min_fire_error":1.0715607187309164,"encounter_time_max":0.3344912931808555,"encounter_dist_max":1.4957665023906008,"positionning_K":15.41112931512874,"searching_K":1.2624166654307012,"wall_K":1.93503406238203,"min_thrust":0.12168157489587436,"angle_Kp":0.31551139125946426,"angle_Ki":0,"angle_Kd":0,"vel_Kp":0.7470231317894361,"vel_Ki":0,"vel_Kd":0}]}