{"generations":4739,"population":[{"min_fighter_dist":0.0004067408142768166,"max_fighter_dist":331.5452252918523,"wanted_target_dist":0.0003889265141740654,"min_fire_error":0.18947401632229122,"encounter_time_max":0.0006777804245196873,"encounter_dist_max":0.005333849875121833,"positionning_K":0.05109457883606358,"searching_K":2.2930161086001224,"wall_K":0.16575040821736323,"min_thrust":0.0011454234444195374,"angle_Kp":299.76342888425,"angle_Ki":0,"angle_Kd":0,"vel_Kp":0.10161564334808629,"vel_Ki":0,"vel_Kd":0},{"min_fighter_dist":0.00038347389937583006,"max_fighter_dist":314.38026491174594,"wanted_target_dist":0.0003889265141740654,"min_fire_error":0.17503831703193265,"encounter_time_max":0.0008366483264257908,"encounter_dist_max":0.006109954655815545,"positionning_K":0.05109457883606358,"searching_K":2.2930161086001224,"wall_K":0.18652385333532664,"min_thrust":0.001243018793135265,"angle_Kp":238.0676465522972,"angle_Ki":0,"angle_Kd":0,"vel_Kp":0.09217303694104367,"vel_Ki":0,"vel_Kd":0},{"min_fighter_dist":0.0004144054778268978,"max_fighter_dist":274.04565733035855,"wanted_target_dist":0.0004085758433551755,"min_fire_error":0.16315834503020954,"encounter_time_max":0.0006645398425762187,"encounter_dist_max":0.005585063484688465,"positionning_K":0.05109457883606358,"searching_K":2.5942965364353334,"wall_K":0.16111460546467823,"min_thrust":0.0011675031297492333,"angle_Kp":275.028408022653,"angle_Ki":0,"angle_Kd":0,"vel_Kp":0.0903018854443727,"vel_Ki":0,"vel_Kd":0},{"min_fighter_dist":0.0004296538854035609,"max_fighter_dist":296.93971117060534,"wanted_target_dist":0.0003889265141740654,"min_fire_error":0.1873342450985958,"encounter_time_max":0.0006982619161850951,"encounter_dist_max":0.005333849875121833,"positionning_K":0.05109457883606358,"searching_K":2.2930161086001224,"wall_K":0.14658994578535114,"min_thrust":0.0014471048664494853,"angle_Kp":250.83038575584465,"angle_Ki":0,"angle_Kd":0,"vel_Kp":0.0892271510752975,"vel_Ki":0,"vel_Kd":0}]}