{"generations":4068,"population":[{"min_fighter_dist":1.5338741337331134,"max_fighter_dist":837.8138067188484,"wanted_target_dist":0.6658788531259829,"min_fire_error":1.550427371012806,"encounter_time_max":0.3811080896978001,"encounter_dist_max":0.00872543340432258,"positionning_K":0.013087892960146338,"searching_K":0.0010832392552125789,"wall_K":3.2324703837172013,"min_thrust":0.1469149943845616,"angle_Kp":5.326527408798666,"angle_Ki":0,"angle_Kd":0,"vel_Kp":0.0002730645146154202,"vel_Ki":0,"vel_Kd":0},{"min_fighter_dist":1.4087862912361,"max_fighter_dist":1024.740826132625,"wanted_target_dist":0.68466678100035,"min_fire_error":1.266288265252629,"encounter_time_max":0.3229400355012262,"encounter_dist_max":0.00832947557948652,"positionning_K":0.014364073454789452,"searching_K":0.0011493694004630294,"wall_K":3.231784097800077,"min_thrust":0.14941940569783158,"angle_Kp":5.621767979648122,"angle_Ki":0,"angle_Kd":0,"vel_Kp":0.00031929818371062563,"vel_Ki":0,"vel_Kd":0},{"min_fighter_dist":1.2869538641838831,"max_fighter_dist":707.5800151607491,"wanted_target_dist":0.6444854355847153,"min_fire_error":1.4763920297669642,"encounter_time_max":0.38662385810535455,"encounter_dist_max":0.00659932921102717,"positionning_K":0.01430450069726222,"searching_K":0.0010847074993427569,"wall_K":3.3101789523198653,"min_thrust":0.13886157263838184,"angle_Kp":6.0780006819783114,"angle_Ki":0,"angle_Kd":0,"vel_Kp":0.00031929818371062563,"vel_Ki":0,"vel_Kd":0},{"min_fighter_dist":1.8009446730479184,"max_fighter_dist":819.3501452931879,"wanted_target_dist":0.7589621145986882,"min_fire_error":1.5653972096950162,"encounter_time_max":0.29383510803511026,"encounter_dist_max":0.0072375472258391586,"positionning_K":0.012312776099569388,"searching_K":0.0012432764708982227,"wall_K":2.9840904523512526,"min_thrust":0.14839350527120646,"angle_Kp":5.76837244500283,"angle_Ki":0,"angle_Kd":0,"vel_Kp":0.00031942575261312983,"vel_Ki":0,"vel_Kd":0}]}